Steps,MAE,RMSE,MAPE
1,193.25391245939127,319.77687477140415,11.587900837040394
3,235.8740852997775,432.06969608208135,19.332370426045014
6,262.757199024387,448.3133300626255,19.993906164439952
12,262.757199024387,448.3133300626255,19.993906164439952
24,262.757199024387,448.3133300626255,19.993906164439952
