Steps,MAE,RMSE,MAPE
1,605.4337037935966,1133.0346755471855,28.96604407895606
3,623.9099843811617,1149.9317531669158,31.751143904292544
6,652.550390455613,1165.470549426026,33.48580102164046
12,675.3942702781808,1170.3102787399878,34.02402195625269
24,734.7303343063849,1184.2158661179817,36.52265850988197
