Steps,MAE,RMSE,MAPE
1,268.32640421405705,411.1381366563208,17.127051425448737
3,289.88206489954973,462.64378505929244,20.37633455500797
6,323.2958719864095,505.97852121557474,22.400101191913873
12,349.94706511273876,518.847667465197,23.028025615628138
24,419.1724731456435,554.4373868304259,25.9431015948623
