Steps,MAE,RMSE,MAPE
1,84.50574687824162,116.37195558368205,3.6498802389712566
3,120.69607062420103,174.92857232833072,5.325815629702912
6,166.79349011782722,235.47256798012972,7.423038628857472
12,270.2943231130919,361.2436992310222,11.887274764602381
24,451.69055038553466,521.6242607599715,23.922814606137333
