MAE,RMSE,MAPE
700.3236713039157,849.5144324086895,22.096964730660552
