Steps,MAE,RMSE,MAPE
1,84.11914404207742,115.26058436688223,3.637147843396889
3,121.73853866916654,172.42400182390838,5.3304564360272355
6,166.9909423050017,231.3614030878307,7.280153811367421
12,253.6531938262436,343.4850884067484,10.684133469702823
24,410.4419834300039,477.41387056674955,17.952512766763203
