Steps,MAE,RMSE,MAPE
1,84.11914429598181,115.26058427977352,3.637147854207481
3,121.73853885033775,172.4240012720898,5.3304564486262676
6,166.99094218033173,231.3614020992522,7.280153795144388
12,253.6531896529113,343.4850830719538,10.684133213155675
24,410.44197165823624,477.4138611963679,17.95251176632365
