Steps,MAE,RMSE,MAPE
1,85.76232873763381,117.23382201029972,3.6978180820929527
3,124.43534049739964,178.42027431221265,5.489587857807113
6,172.97354007959626,241.69694813652487,7.63268912642519
12,276.1082399784419,371.49215816324516,11.772797539796793
24,471.6502526894808,538.2452651123542,22.308698564509
