Steps,MAE,RMSE,MAPE
1,88.27247069957305,117.92708296586905,3.8293516834547465
3,138.00951368247308,184.6187622642421,6.254950937098319
6,203.2141101698888,262.180166806432,9.042306311489376
12,292.0168005046897,390.70230174821097,11.612679770860684
24,485.44972254770397,615.2486391046525,17.33099920578439
