Steps,MAE,RMSE,MAPE
1,84.8044400909444,116.52269032358198,3.6678681817524033
3,122.69159800546946,175.64931585575783,5.421055631495088
6,169.1897732824374,236.92200620003806,7.477855932308214
12,268.9865985841282,362.32675532863084,11.492269706089438
24,458.20621446167377,523.8806334268809,21.88349634669725
